"The day ahead auction data provided in the download is for private and internal use only. The utilization of any data, whether in its raw or derived form, for external or commercial purposes is expressly prohibited. Should you require licensing for market-related data, please direct your inquiries to the original data providers, including but not limited to EPEX SPOT SE and Nord Pool AS.",,,,
Date (GMT+3),Nuclear,Non-Renewable,Renewable,Day Ahead Auction (RO)
,Power (MW),Power (MW),Power (MW),"Price (EUR/MWh, EUR/tCO2)"
2026-04-20T00:00+03:00,1228,887.25,2450.75,116.26
2026-04-20T00:15+03:00,1228,887.25,2450.75,113.2
2026-04-20T00:30+03:00,1228,887.25,2450.75,111.98
2026-04-20T00:45+03:00,1228,887.25,2450.75,108.74
2026-04-20T01:00+03:00,1227.75,892.5,2369,111.35
2026-04-20T01:15+03:00,1227.75,892.5,2369,105.65
2026-04-20T01:30+03:00,1227.75,892.5,2369,103.67
2026-04-20T01:45+03:00,1227.75,892.5,2369,98.06
2026-04-20T02:00+03:00,1228,882.5,2240,106
2026-04-20T02:15+03:00,1228,882.5,2240,103.7
2026-04-20T02:30+03:00,1228,882.5,2240,102.37
2026-04-20T02:45+03:00,1228,882.5,2240,93.06
2026-04-20T03:00+03:00,1228,884,1962.75,101.73
2026-04-20T03:15+03:00,1228,884,1962.75,95.73
2026-04-20T03:30+03:00,1228,884,1962.75,98.06
2026-04-20T03:45+03:00,1228,884,1962.75,94.97
2026-04-20T04:00+03:00,1228,874.5,2097.75,98.06
2026-04-20T04:15+03:00,1228,874.5,2097.75,96.45
2026-04-20T04:30+03:00,1228,874.5,2097.75,99.2
2026-04-20T04:45+03:00,1228,874.5,2097.75,103.37
2026-04-20T05:00+03:00,1228.666667,907.6666667,2305,99.01
2026-04-20T05:15+03:00,1228.666667,907.6666667,2305,103.17
2026-04-20T05:30+03:00,1228.666667,907.6666667,2305,104.14
2026-04-20T05:45+03:00,1228.666667,907.6666667,2305,108.67
2026-04-20T06:00+03:00,1228.25,933.25,2515.75,106.13
2026-04-20T06:15+03:00,1228.25,933.25,2515.75,111.13
2026-04-20T06:30+03:00,1228.25,933.25,2515.75,122.23
2026-04-20T06:45+03:00,1228.25,933.25,2515.75,137.05
2026-04-20T07:00+03:00,1228,912,2761.25,127.15
2026-04-20T07:15+03:00,1228,912,2761.25,134.71
2026-04-20T07:30+03:00,1228,912,2761.25,139.84
2026-04-20T07:45+03:00,1228,912,2761.25,139.59
2026-04-20T08:00+03:00,1228.25,905.75,3127.25,144.64
2026-04-20T08:15+03:00,1228.25,905.75,3127.25,143.45
2026-04-20T08:30+03:00,1228.25,905.75,3127.25,138.8
2026-04-20T08:45+03:00,1228.25,905.75,3127.25,121.94
2026-04-20T09:00+03:00,1206.75,886,3105.25,148.46
2026-04-20T09:15+03:00,1206.75,886,3105.25,130.19
2026-04-20T09:30+03:00,1206.75,886,3105.25,124.4
2026-04-20T09:45+03:00,1206.75,886,3105.25,116.67
2026-04-20T10:00+03:00,1211,859,3341.5,128.41
2026-04-20T10:15+03:00,1211,859,3341.5,118.85
2026-04-20T10:30+03:00,1211,859,3341.5,104.86
2026-04-20T10:45+03:00,1211,859,3341.5,77.98
2026-04-20T11:00+03:00,1223.25,830,3556.25,107.27
2026-04-20T11:15+03:00,1223.25,830,3556.25,82.94
2026-04-20T11:30+03:00,1223.25,830,3556.25,91.11
2026-04-20T11:45+03:00,1223.25,830,3556.25,73.68
2026-04-20T12:00+03:00,1225.5,805,3756,86.54
2026-04-20T12:15+03:00,1225.5,805,3756,81.45
2026-04-20T12:30+03:00,1225.5,805,3756,73.75
2026-04-20T12:45+03:00,1225.5,805,3756,58.25
2026-04-20T13:00+03:00,1200,814,3790.5,75.35
2026-04-20T13:15+03:00,1200,814,3790.5,52.91
2026-04-20T13:30+03:00,1200,814,3790.5,46.18
2026-04-20T13:45+03:00,1200,814,3790.5,35.03
2026-04-20T14:00+03:00,1204.25,808,4073,51.23
2026-04-20T14:15+03:00,1204.25,808,4073,35.46
2026-04-20T14:30+03:00,1204.25,808,4073,39.47
2026-04-20T14:45+03:00,1204.25,808,4073,26.91
2026-04-20T15:00+03:00,1201.25,829,3928.75,19.03
2026-04-20T15:15+03:00,1201.25,829,3928.75,44.06
2026-04-20T15:30+03:00,1201.25,829,3928.75,22.29
2026-04-20T15:45+03:00,1201.25,829,3928.75,74.45
2026-04-20T16:00+03:00,1215.25,826.25,3950,55.14
2026-04-20T16:15+03:00,1215.25,826.25,3950,57.66
2026-04-20T16:30+03:00,1215.25,826.25,3950,75.92
2026-04-20T16:45+03:00,1215.25,826.25,3950,97.34
2026-04-20T17:00+03:00,1198.75,891.25,4202.5,12.99
2026-04-20T17:15+03:00,1198.75,891.25,4202.5,84.2
2026-04-20T17:30+03:00,1198.75,891.25,4202.5,88.65
2026-04-20T17:45+03:00,1198.75,891.25,4202.5,108.62
2026-04-20T18:00+03:00,1220.25,932,4752.25,83.56
2026-04-20T18:15+03:00,1220.25,932,4752.25,101.76
2026-04-20T18:30+03:00,1220.25,932,4752.25,114.37
2026-04-20T18:45+03:00,1220.25,932,4752.25,134.59
2026-04-20T19:00+03:00,1221.5,933.25,4468.5,123.32
2026-04-20T19:15+03:00,1221.5,933.25,4468.5,133.46
2026-04-20T19:30+03:00,1221.5,933.25,4468.5,133.52
2026-04-20T19:45+03:00,1221.5,933.25,4468.5,133.59
2026-04-20T20:00+03:00,1221,934.5,4027.5,135.02
2026-04-20T20:15+03:00,1221,934.5,4027.5,130.9
2026-04-20T20:30+03:00,1221,934.5,4027.5,133.46
2026-04-20T20:45+03:00,1221,934.5,4027.5,133.6
2026-04-20T21:00+03:00,1220.5,1024.25,3533.25,180.61
2026-04-20T21:15+03:00,1220.5,1024.25,3533.25,133.59
2026-04-20T21:30+03:00,1220.5,1024.25,3533.25,133.53
2026-04-20T21:45+03:00,1220.5,1024.25,3533.25,123.98
2026-04-20T22:00+03:00,1220.25,967.75,3278.75,118.39
2026-04-20T22:15+03:00,1220.25,967.75,3278.75,133.62
2026-04-20T22:30+03:00,1220.25,967.75,3278.75,172.6
2026-04-20T22:45+03:00,1220.25,967.75,3278.75,134.99
2026-04-20T23:00+03:00,1219.75,888.75,3075,137.25
2026-04-20T23:15+03:00,1219.75,888.75,3075,133.44
2026-04-20T23:30+03:00,1219.75,888.75,3075,123.16
2026-04-20T23:45+03:00,1219.75,888.75,3075,122.28
2026-04-21T00:00+03:00,1219,842.5,2845.5,129.41
2026-04-21T00:15+03:00,1219,842.5,2845.5,127.47
2026-04-21T00:30+03:00,1219,842.5,2845.5,124.94
2026-04-21T00:45+03:00,1219,842.5,2845.5,117.04
2026-04-21T01:00+03:00,1219.5,824,3045.25,112.5
2026-04-21T01:15+03:00,1219.5,824,3045.25,110.11
2026-04-21T01:30+03:00,1219.5,824,3045.25,111.23
2026-04-21T01:45+03:00,1219.5,824,3045.25,114.16
2026-04-21T02:00+03:00,1227.25,803.5,3327.75,117.95
2026-04-21T02:15+03:00,1227.25,803.5,3327.75,112.9
2026-04-21T02:30+03:00,1227.25,803.5,3327.75,106.57
2026-04-21T02:45+03:00,1227.25,803.5,3327.75,103.08
2026-04-21T03:00+03:00,1228,804,3232,112.93
2026-04-21T03:15+03:00,1228,804,3232,106.99
2026-04-21T03:30+03:00,1228,804,3232,106.24
2026-04-21T03:45+03:00,1228,804,3232,105.17
2026-04-21T04:00+03:00,1228,833.5,3121.75,104.57
2026-04-21T04:15+03:00,1228,833.5,3121.75,103.62
2026-04-21T04:30+03:00,1228,833.5,3121.75,104.36
2026-04-21T04:45+03:00,1228,833.5,3121.75,105.43
2026-04-21T05:00+03:00,1228.25,832.5,3239.75,103.03
2026-04-21T05:15+03:00,1228.25,832.5,3239.75,102.6
2026-04-21T05:30+03:00,1228.25,832.5,3239.75,106.67
2026-04-21T05:45+03:00,1228.25,832.5,3239.75,108.42
2026-04-21T06:00+03:00,1228.5,840.75,3545.75,107.81
2026-04-21T06:15+03:00,1228.5,840.75,3545.75,111.71
2026-04-21T06:30+03:00,1228.5,840.75,3545.75,120.92
2026-04-21T06:45+03:00,1228.5,840.75,3545.75,128.38
2026-04-21T07:00+03:00,1228,818.25,3806.5,125.38
2026-04-21T07:15+03:00,1228,818.25,3806.5,135.84
2026-04-21T07:30+03:00,1228,818.25,3806.5,138.35
2026-04-21T07:45+03:00,1228,818.25,3806.5,140.11
2026-04-21T08:00+03:00,1229.25,864.5,3926.5,148.69
2026-04-21T08:15+03:00,1229.25,864.5,3926.5,149.29
2026-04-21T08:30+03:00,1229.25,864.5,3926.5,138.59
2026-04-21T08:45+03:00,1229.25,864.5,3926.5,120.93
2026-04-21T09:00+03:00,1185.5,884.75,3912.5,145.76
2026-04-21T09:15+03:00,1185.5,884.75,3912.5,129.36
2026-04-21T09:30+03:00,1185.5,884.75,3912.5,121.71
2026-04-21T09:45+03:00,1185.5,884.75,3912.5,97.5
2026-04-21T10:00+03:00,1186.25,835.25,3729.75,137.21
2026-04-21T10:15+03:00,1186.25,835.25,3729.75,119.85
2026-04-21T10:30+03:00,1186.25,835.25,3729.75,95.64
2026-04-21T10:45+03:00,1186.25,835.25,3729.75,77.52
2026-04-21T11:00+03:00,1215.5,867,3463.75,120.49
2026-04-21T11:15+03:00,1215.5,867,3463.75,119.38
2026-04-21T11:30+03:00,1215.5,867,3463.75,83.04
2026-04-21T11:45+03:00,1215.5,867,3463.75,32.84
2026-04-21T12:00+03:00,1194.75,795,3483,60.91
2026-04-21T12:15+03:00,1194.75,795,3483,52.01
2026-04-21T12:30+03:00,1194.75,795,3483,43.31
2026-04-21T12:45+03:00,1194.75,795,3483,52.92
2026-04-21T13:00+03:00,1205.5,784.75,3344.75,63.18
2026-04-21T13:15+03:00,1205.5,784.75,3344.75,58.84
2026-04-21T13:30+03:00,1205.5,784.75,3344.75,56.59
2026-04-21T13:45+03:00,1205.5,784.75,3344.75,54.37
2026-04-21T14:00+03:00,1178.5,816.25,3120.75,45.85
2026-04-21T14:15+03:00,1178.5,816.25,3120.75,50.51
2026-04-21T14:30+03:00,1178.5,816.25,3120.75,50.8
2026-04-21T14:45+03:00,1178.5,816.25,3120.75,50.87
2026-04-21T15:00+03:00,1192.5,817.5,2937.5,74.5
2026-04-21T15:15+03:00,1192.5,817.5,2937.5,79.75
2026-04-21T15:30+03:00,1192.5,817.5,2937.5,88.01
2026-04-21T15:45+03:00,1192.5,817.5,2937.5,76.76
2026-04-21T16:00+03:00,1216.75,827.25,2786.75,114.51
2026-04-21T16:15+03:00,1216.75,827.25,2786.75,65.85
2026-04-21T16:30+03:00,1216.75,827.25,2786.75,50.35
2026-04-21T16:45+03:00,1216.75,827.25,2786.75,65.84
2026-04-21T17:00+03:00,1218.25,875.25,2798.25,58.82
2026-04-21T17:15+03:00,1218.25,875.25,2798.25,84.31
2026-04-21T17:30+03:00,1218.25,875.25,2798.25,107.2
2026-04-21T17:45+03:00,1218.25,875.25,2798.25,158.77
2026-04-21T18:00+03:00,1219.25,951.75,2694,65.84
2026-04-21T18:15+03:00,1219.25,951.75,2694,113.6
2026-04-21T18:30+03:00,1219.25,951.75,2694,138.96
2026-04-21T18:45+03:00,1219.25,951.75,2694,189.09
2026-04-21T19:00+03:00,1219.5,1019,2610.5,128.45
2026-04-21T19:15+03:00,1219.5,1019,2610.5,158.88
2026-04-21T19:30+03:00,1219.5,1019,2610.5,193.47
2026-04-21T19:45+03:00,1219.5,1019,2610.5,235.42
2026-04-21T20:00+03:00,1219.75,1052,2506.75,140.67
2026-04-21T20:15+03:00,1219.75,1052,2506.75,167.29
2026-04-21T20:30+03:00,1219.75,1052,2506.75,203.19
2026-04-21T20:45+03:00,1219.75,1052,2506.75,328
2026-04-21T21:00+03:00,1219.25,1018.25,2526,248.5
2026-04-21T21:15+03:00,1219.25,1018.25,2526,198.26
2026-04-21T21:30+03:00,1219.25,1018.25,2526,184.12
2026-04-21T21:45+03:00,1219.25,1018.25,2526,159.3
2026-04-21T22:00+03:00,1219.25,1018.75,2394.25,191.37
2026-04-21T22:15+03:00,1219.25,1018.75,2394.25,194.94
2026-04-21T22:30+03:00,1219.25,1018.75,2394.25,158.35
2026-04-21T22:45+03:00,1219.25,1018.75,2394.25,172.47
2026-04-21T23:00+03:00,1224.25,965,2176.25,135.49
2026-04-21T23:15+03:00,1224.25,965,2176.25,136.89
2026-04-21T23:30+03:00,1224.25,965,2176.25,130.17
2026-04-21T23:45+03:00,1224.25,965,2176.25,124.7
2026-04-22T00:00+03:00,1225.25,937.5,2086,126.56
2026-04-22T00:15+03:00,1225.25,937.5,2086,138.6
2026-04-22T00:30+03:00,1225.25,937.5,2086,123.07
2026-04-22T00:45+03:00,1225.25,937.5,2086,118.63
2026-04-22T01:00+03:00,1225,949.5,1969.5,118.7
2026-04-22T01:15+03:00,1225,949.5,1969.5,119.6
2026-04-22T01:30+03:00,1225,949.5,1969.5,124.51
2026-04-22T01:45+03:00,1225,949.5,1969.5,114.78
2026-04-22T02:00+03:00,1224.5,948,1874,117.59
2026-04-22T02:15+03:00,1224.5,948,1874,114.08
2026-04-22T02:30+03:00,1224.5,948,1874,113.02
2026-04-22T02:45+03:00,1224.5,948,1874,116.94
2026-04-22T03:00+03:00,1224.25,933.25,1846,112.89
2026-04-22T03:15+03:00,1224.25,933.25,1846,112.62
2026-04-22T03:30+03:00,1224.25,933.25,1846,113.69
2026-04-22T03:45+03:00,1224.25,933.25,1846,113.24
2026-04-22T04:00+03:00,1225,939,1763,111.87
2026-04-22T04:15+03:00,1225,939,1763,112.79
2026-04-22T04:30+03:00,1225,939,1763,113.28
2026-04-22T04:45+03:00,1225,939,1763,116.03
2026-04-22T05:00+03:00,1226.5,947.5,1841.25,111.58
2026-04-22T05:15+03:00,1226.5,947.5,1841.25,116.75
2026-04-22T05:30+03:00,1226.5,947.5,1841.25,119.98
2026-04-22T05:45+03:00,1226.5,947.5,1841.25,127.21
2026-04-22T06:00+03:00,1227.75,948.5,1974.75,115.41
2026-04-22T06:15+03:00,1227.75,948.5,1974.75,124.39
2026-04-22T06:30+03:00,1227.75,948.5,1974.75,132.21
2026-04-22T06:45+03:00,1227.75,948.5,1974.75,147.87
2026-04-22T07:00+03:00,1228,953,2327.25,133.29
2026-04-22T07:15+03:00,1228,953,2327.25,147.23
2026-04-22T07:30+03:00,1228,953,2327.25,152.82
2026-04-22T07:45+03:00,1228,953,2327.25,159.52
2026-04-22T08:00+03:00,1228.25,921,2636.25,157.77
2026-04-22T08:15+03:00,1228.25,921,2636.25,145.69
2026-04-22T08:30+03:00,1228.25,921,2636.25,132.63
2026-04-22T08:45+03:00,1228.25,921,2636.25,112.66
2026-04-22T09:00+03:00,1227.75,876,2682.25,145
2026-04-22T09:15+03:00,1227.75,876,2682.25,128.28
2026-04-22T09:30+03:00,1227.75,876,2682.25,119.74
2026-04-22T09:45+03:00,1227.75,876,2682.25,112.27
2026-04-22T10:00+03:00,1227.25,867.75,2834.5,129.93
2026-04-22T10:15+03:00,1227.25,867.75,2834.5,104.05
2026-04-22T10:30+03:00,1227.25,867.75,2834.5,94.9
2026-04-22T10:45+03:00,1227.25,867.75,2834.5,39.95
2026-04-22T11:00+03:00,1227.5,823.25,3114.25,88.31
2026-04-22T11:15+03:00,1227.5,823.25,3114.25,43.29
2026-04-22T11:30+03:00,1227.5,823.25,3114.25,13.64
2026-04-22T11:45+03:00,1227.5,823.25,3114.25,14
2026-04-22T12:00+03:00,1227,797.5,2948.5,14.99
2026-04-22T12:15+03:00,1227,797.5,2948.5,13.64
2026-04-22T12:30+03:00,1227,797.5,2948.5,12.78
2026-04-22T12:45+03:00,1227,797.5,2948.5,117.82
2026-04-22T13:00+03:00,1228,852.5,2918.75,46.27
2026-04-22T13:15+03:00,1228,852.5,2918.75,95
2026-04-22T13:30+03:00,1228,852.5,2918.75,70
2026-04-22T13:45+03:00,1228,852.5,2918.75,70
2026-04-22T14:00+03:00,1227.25,835,2832.75,62.67
2026-04-22T14:15+03:00,1227.25,835,2832.75,23.28
2026-04-22T14:30+03:00,1227.25,835,2832.75,44.5
2026-04-22T14:45+03:00,1227.25,835,2832.75,46.47
2026-04-22T15:00+03:00,1227.75,777.25,2763,49.37
2026-04-22T15:15+03:00,1227.75,777.25,2763,58.5
2026-04-22T15:30+03:00,1227.75,777.25,2763,14.55
2026-04-22T15:45+03:00,1227.75,777.25,2763,16.15
2026-04-22T16:00+03:00,1227.75,809.75,2469,32.95
2026-04-22T16:15+03:00,1227.75,809.75,2469,70.08
2026-04-22T16:30+03:00,1227.75,809.75,2469,24.5
2026-04-22T16:45+03:00,1227.75,809.75,2469,12.71
2026-04-22T17:00+03:00,1227.75,876.25,2515.5,9.2
2026-04-22T17:15+03:00,1227.75,876.25,2515.5,52.52
2026-04-22T17:30+03:00,1227.75,876.25,2515.5,108.12
2026-04-22T17:45+03:00,1227.75,876.25,2515.5,126.37
2026-04-22T18:00+03:00,1227.5,973.25,2691,114.35
2026-04-22T18:15+03:00,1227.5,973.25,2691,133.9
2026-04-22T18:30+03:00,1227.5,973.25,2691,179.93
2026-04-22T18:45+03:00,1227.5,973.25,2691,182.93
2026-04-22T19:00+03:00,1227.75,1017.75,2440.75,147.99
2026-04-22T19:15+03:00,1227.75,1017.75,2440.75,137.18
2026-04-22T19:30+03:00,1227.75,1017.75,2440.75,178.56
2026-04-22T19:45+03:00,1227.75,1017.75,2440.75,247.02
2026-04-22T20:00+03:00,1227.5,1041.75,2411.75,164.92
2026-04-22T20:15+03:00,1227.5,1041.75,2411.75,170.86
2026-04-22T20:30+03:00,1227.5,1041.75,2411.75,212.06
2026-04-22T20:45+03:00,1227.5,1041.75,2411.75,323.26
2026-04-22T21:00+03:00,1227.25,1036,2487,309.04
2026-04-22T21:15+03:00,1227.25,1036,2487,254.96
2026-04-22T21:30+03:00,1227.25,1036,2487,212.3
2026-04-22T21:45+03:00,1227.25,1036,2487,209.84
2026-04-22T22:00+03:00,1227,1022.25,2443.25,266.43
2026-04-22T22:15+03:00,1227,1022.25,2443.25,196.12
2026-04-22T22:30+03:00,1227,1022.25,2443.25,171.25
2026-04-22T22:45+03:00,1227,1022.25,2443.25,154.67
2026-04-22T23:00+03:00,1226,943,2163.5,133.32
2026-04-22T23:15+03:00,1226,943,2163.5,122.82
2026-04-22T23:30+03:00,1226,943,2163.5,126
2026-04-22T23:45+03:00,1226,943,2163.5,122.81
2026-04-23T00:00+03:00,1225.5,945.25,2137.25,120.39
2026-04-23T00:15+03:00,1225.5,945.25,2137.25,121.57
2026-04-23T00:30+03:00,1225.5,945.25,2137.25,117.17
2026-04-23T00:45+03:00,1225.5,945.25,2137.25,113.16
2026-04-23T01:00+03:00,1226.5,927.25,2040.5,163.69
2026-04-23T01:15+03:00,1226.5,927.25,2040.5,149.16
2026-04-23T01:30+03:00,1226.5,927.25,2040.5,140.4
2026-04-23T01:45+03:00,1226.5,927.25,2040.5,129.62
2026-04-23T02:00+03:00,1226.5,907.75,2150.5,128.15
2026-04-23T02:15+03:00,1226.5,907.75,2150.5,124.06
2026-04-23T02:30+03:00,1226.5,907.75,2150.5,121.5
2026-04-23T02:45+03:00,1226.5,907.75,2150.5,115.16
2026-04-23T03:00+03:00,1226.5,894,2282.25,109.08
2026-04-23T03:15+03:00,1226.5,894,2282.25,111.26
2026-04-23T03:30+03:00,1226.5,894,2282.25,110.57
2026-04-23T03:45+03:00,1226.5,894,2282.25,110.13
2026-04-23T04:00+03:00,1227.5,900.75,2462,107.68
2026-04-23T04:15+03:00,1227.5,900.75,2462,108.36
2026-04-23T04:30+03:00,1227.5,900.75,2462,107.49
2026-04-23T04:45+03:00,1227.5,900.75,2462,107.83
2026-04-23T05:00+03:00,1228,909,2606.5,113.96
2026-04-23T05:15+03:00,1228,909,2606.5,113.17
2026-04-23T05:30+03:00,1228,909,2606.5,115.71
2026-04-23T05:45+03:00,1228,909,2606.5,115.59
2026-04-23T06:00+03:00,1227,924,2855.75,116.6
2026-04-23T06:15+03:00,1227,924,2855.75,119.14
2026-04-23T06:30+03:00,1227,924,2855.75,120.92
2026-04-23T06:45+03:00,1227,924,2855.75,127.64
2026-04-23T07:00+03:00,1227.25,902.25,3334.5,118.72
2026-04-23T07:15+03:00,1227.25,902.25,3334.5,124.31
2026-04-23T07:30+03:00,1227.25,902.25,3334.5,133.25
2026-04-23T07:45+03:00,1227.25,902.25,3334.5,134.56
2026-04-23T08:00+03:00,1227,866.75,3733,140.68
2026-04-23T08:15+03:00,1227,866.75,3733,129.12
2026-04-23T08:30+03:00,1227,866.75,3733,127.19
2026-04-23T08:45+03:00,1227,866.75,3733,111.25
2026-04-23T09:00+03:00,1178.5,821.75,3917.75,129.7
2026-04-23T09:15+03:00,1178.5,821.75,3917.75,127.45
2026-04-23T09:30+03:00,1178.5,821.75,3917.75,105.02
2026-04-23T09:45+03:00,1178.5,821.75,3917.75,65.03
2026-04-23T10:00+03:00,1187,791,4135.25,106.06
2026-04-23T10:15+03:00,1187,791,4135.25,36.29
2026-04-23T10:30+03:00,1187,791,4135.25,11.01
2026-04-23T10:45+03:00,1187,791,4135.25,5.88
2026-04-23T11:00+03:00,1199.75,777.75,3800.5,4.92
2026-04-23T11:15+03:00,1199.75,777.75,3800.5,0.42
2026-04-23T11:30+03:00,1199.75,777.75,3800.5,0
2026-04-23T11:45+03:00,1199.75,777.75,3800.5,0
2026-04-23T12:00+03:00,1199.5,763.75,3670.75,0
2026-04-23T12:15+03:00,1199.5,763.75,3670.75,0
2026-04-23T12:30+03:00,1199.5,763.75,3670.75,0
2026-04-23T12:45+03:00,1199.5,763.75,3670.75,0
2026-04-23T13:00+03:00,1172.75,756.25,3202.25,0
2026-04-23T13:15+03:00,1172.75,756.25,3202.25,-0.2
2026-04-23T13:30+03:00,1172.75,756.25,3202.25,-0.39
2026-04-23T13:45+03:00,1172.75,756.25,3202.25,-1
2026-04-23T14:00+03:00,1172,753.75,3270,-0.39
2026-04-23T14:15+03:00,1172,753.75,3270,-0.39
2026-04-23T14:30+03:00,1172,753.75,3270,-0.39
2026-04-23T14:45+03:00,1172,753.75,3270,-0.39
2026-04-23T15:00+03:00,1185.5,755.25,3174.5,-3.92
2026-04-23T15:15+03:00,1185.5,755.25,3174.5,-3.92
2026-04-23T15:30+03:00,1185.5,755.25,3174.5,-3.92
2026-04-23T15:45+03:00,1185.5,755.25,3174.5,-1
2026-04-23T16:00+03:00,1173.5,767.25,3485.5,-0.01
2026-04-23T16:15+03:00,1173.5,767.25,3485.5,0
2026-04-23T16:30+03:00,1173.5,767.25,3485.5,0
2026-04-23T16:45+03:00,1173.5,767.25,3485.5,0
2026-04-23T17:00+03:00,1209.5,781.75,3724,0
2026-04-23T17:15+03:00,1209.5,781.75,3724,0
2026-04-23T17:30+03:00,1209.5,781.75,3724,0
2026-04-23T17:45+03:00,1209.5,781.75,3724,0.01
2026-04-23T18:00+03:00,1209.25,866.75,3737.25,1.57
2026-04-23T18:15+03:00,1209.25,866.75,3737.25,4.29
2026-04-23T18:30+03:00,1209.25,866.75,3737.25,65.84
2026-04-23T18:45+03:00,1209.25,866.75,3737.25,114.73
2026-04-23T19:00+03:00,1209.5,904.75,4362.75,85
2026-04-23T19:15+03:00,1209.5,904.75,4362.75,106.05
2026-04-23T19:30+03:00,1209.5,904.75,4362.75,154.75
2026-04-23T19:45+03:00,1209.5,904.75,4362.75,186.39
2026-04-23T20:00+03:00,1210.75,977.75,4076,156.9
2026-04-23T20:15+03:00,1210.75,977.75,4076,177.86
2026-04-23T20:30+03:00,1210.75,977.75,4076,176.76
2026-04-23T20:45+03:00,1210.75,977.75,4076,238.11
2026-04-23T21:00+03:00,1224.25,996,3584.5,234.4
2026-04-23T21:15+03:00,1224.25,996,3584.5,215.74
2026-04-23T21:30+03:00,1224.25,996,3584.5,174.54
2026-04-23T21:45+03:00,1224.25,996,3584.5,120.57
2026-04-23T22:00+03:00,1227.25,1003.5,3208.5,258.26
2026-04-23T22:15+03:00,1227.25,1003.5,3208.5,188.69
2026-04-23T22:30+03:00,1227.25,1003.5,3208.5,179.39
2026-04-23T22:45+03:00,1227.25,1003.5,3208.5,159.72
2026-04-23T23:00+03:00,1226.25,875,2897.75,131.18
2026-04-23T23:15+03:00,1226.25,875,2897.75,129.56
2026-04-23T23:30+03:00,1226.25,875,2897.75,120.17
2026-04-23T23:45+03:00,1226.25,875,2897.75,116.98
2026-04-24T00:00+03:00,1225.75,884,2407.5,130.22
2026-04-24T00:15+03:00,1225.75,884,2407.5,134.07
2026-04-24T00:30+03:00,1225.75,884,2407.5,121.34
2026-04-24T00:45+03:00,1225.75,884,2407.5,113.08
2026-04-24T01:00+03:00,1225.5,865.25,2325.75,118.65
2026-04-24T01:15+03:00,1225.5,865.25,2325.75,111.78
2026-04-24T01:30+03:00,1225.5,865.25,2325.75,110.57
2026-04-24T01:45+03:00,1225.5,865.25,2325.75,109.4
2026-04-24T02:00+03:00,1226,854.5,2075.75,111.6
2026-04-24T02:15+03:00,1226,854.5,2075.75,108.07
2026-04-24T02:30+03:00,1226,854.5,2075.75,108.31
2026-04-24T02:45+03:00,1226,854.5,2075.75,109.8
2026-04-24T03:00+03:00,1227.5,848,1994.25,111.07
2026-04-24T03:15+03:00,1227.5,848,1994.25,108.81
2026-04-24T03:30+03:00,1227.5,848,1994.25,111.4
2026-04-24T03:45+03:00,1227.5,848,1994.25,110.16
2026-04-24T04:00+03:00,1228,829.75,2011.25,109.7
2026-04-24T04:15+03:00,1228,829.75,2011.25,109.02
2026-04-24T04:30+03:00,1228,829.75,2011.25,110.48
2026-04-24T04:45+03:00,1228,829.75,2011.25,110.52
2026-04-24T05:00+03:00,1228.25,837.25,2197.75,107.11
2026-04-24T05:15+03:00,1228.25,837.25,2197.75,110.68
2026-04-24T05:30+03:00,1228.25,837.25,2197.75,112.3
2026-04-24T05:45+03:00,1228.25,837.25,2197.75,113.72
2026-04-24T06:00+03:00,1228.25,866.5,2415.25,120.92
2026-04-24T06:15+03:00,1228.25,866.5,2415.25,120.67
2026-04-24T06:30+03:00,1228.25,866.5,2415.25,128.96
2026-04-24T06:45+03:00,1228.25,866.5,2415.25,136.87
2026-04-24T07:00+03:00,1227.5,920,2653.5,132.41
2026-04-24T07:15+03:00,1227.5,920,2653.5,136.43
2026-04-24T07:30+03:00,1227.5,920,2653.5,138.54
2026-04-24T07:45+03:00,1227.5,920,2653.5,138.9
2026-04-24T08:00+03:00,1228.25,887.75,3030,149.59
2026-04-24T08:15+03:00,1228.25,887.75,3030,138.16
2026-04-24T08:30+03:00,1228.25,887.75,3030,85
2026-04-24T08:45+03:00,1228.25,887.75,3030,11
2026-04-24T09:00+03:00,1228,775.25,3553.5,142.75
2026-04-24T09:15+03:00,1228,775.25,3553.5,121.01
2026-04-24T09:30+03:00,1228,775.25,3553.5,107.63
2026-04-24T09:45+03:00,1228,775.25,3553.5,5.11
2026-04-24T10:00+03:00,1207,765.75,3647.75,111.28
2026-04-24T10:15+03:00,1207,765.75,3647.75,73
2026-04-24T10:30+03:00,1207,765.75,3647.75,5.11
2026-04-24T10:45+03:00,1207,765.75,3647.75,5.1
2026-04-24T11:00+03:00,1208.5,728,3419.5,8.44
2026-04-24T11:15+03:00,1208.5,728,3419.5,7.67
2026-04-24T11:30+03:00,1208.5,728,3419.5,1.23
2026-04-24T11:45+03:00,1208.5,728,3419.5,0
2026-04-24T12:00+03:00,1203.5,713.5,2791.25,0
2026-04-24T12:15+03:00,1203.5,713.5,2791.25,0
2026-04-24T12:30+03:00,1203.5,713.5,2791.25,-0.03
2026-04-24T12:45+03:00,1203.5,713.5,2791.25,-0.2
2026-04-24T13:00+03:00,1192,728,2610,-1.5
2026-04-24T13:15+03:00,1192,728,2610,-4.51
2026-04-24T13:30+03:00,1192,728,2610,-7.05
2026-04-24T13:45+03:00,1192,728,2610,-14.57
2026-04-24T14:00+03:00,,,,-15
2026-04-24T14:15+03:00,,,,-15
2026-04-24T14:30+03:00,,,,-12.3
2026-04-24T14:45+03:00,,,,-11.78
2026-04-24T15:00+03:00,,,,-14.68
2026-04-24T15:15+03:00,,,,-15
2026-04-24T15:30+03:00,,,,-10.94
2026-04-24T15:45+03:00,,,,-12
2026-04-24T16:00+03:00,,,,-18.92
2026-04-24T16:15+03:00,,,,-19.68
2026-04-24T16:30+03:00,,,,-12.49
2026-04-24T16:45+03:00,,,,-7
2026-04-24T17:00+03:00,,,,-0.63
2026-04-24T17:15+03:00,,,,0
2026-04-24T17:30+03:00,,,,0
2026-04-24T17:45+03:00,,,,0.01
2026-04-24T18:00+03:00,,,,0.01
2026-04-24T18:15+03:00,,,,19.18
2026-04-24T18:30+03:00,,,,113.87
2026-04-24T18:45+03:00,,,,146.23
2026-04-24T19:00+03:00,,,,104.36
2026-04-24T19:15+03:00,,,,107.27
2026-04-24T19:30+03:00,,,,133
2026-04-24T19:45+03:00,,,,217.62
2026-04-24T20:00+03:00,,,,151.09
2026-04-24T20:15+03:00,,,,195.64
2026-04-24T20:30+03:00,,,,243.83
2026-04-24T20:45+03:00,,,,319.77
2026-04-24T21:00+03:00,,,,294.4
2026-04-24T21:15+03:00,,,,247.25
2026-04-24T21:30+03:00,,,,242.23
2026-04-24T21:45+03:00,,,,177.68
2026-04-24T22:00+03:00,,,,265.26
2026-04-24T22:15+03:00,,,,226.37
2026-04-24T22:30+03:00,,,,139
2026-04-24T22:45+03:00,,,,185.44
2026-04-24T23:00+03:00,,,,127.22
2026-04-24T23:15+03:00,,,,138.03
2026-04-24T23:30+03:00,,,,124.5
2026-04-24T23:45+03:00,,,,133.82
2026-04-25T00:00+03:00,,,,137.21
2026-04-25T00:15+03:00,,,,136.25
2026-04-25T00:30+03:00,,,,121.68
2026-04-25T00:45+03:00,,,,113.57
2026-04-25T01:00+03:00,,,,112.22
2026-04-25T01:15+03:00,,,,107.76
2026-04-25T01:30+03:00,,,,108.19
2026-04-25T01:45+03:00,,,,103.65
2026-04-25T02:00+03:00,,,,103.37
2026-04-25T02:15+03:00,,,,102.44
2026-04-25T02:30+03:00,,,,101.71
2026-04-25T02:45+03:00,,,,100
2026-04-25T03:00+03:00,,,,101.82
2026-04-25T03:15+03:00,,,,100.91
2026-04-25T03:30+03:00,,,,99.29
2026-04-25T03:45+03:00,,,,92.81
2026-04-25T04:00+03:00,,,,100
2026-04-25T04:15+03:00,,,,98.47
2026-04-25T04:30+03:00,,,,97.15
2026-04-25T04:45+03:00,,,,97.14
2026-04-25T05:00+03:00,,,,95.12
2026-04-25T05:15+03:00,,,,101.88
2026-04-25T05:30+03:00,,,,104.37
2026-04-25T05:45+03:00,,,,108.38
2026-04-25T06:00+03:00,,,,104.59
2026-04-25T06:15+03:00,,,,105.42
2026-04-25T06:30+03:00,,,,107.59
2026-04-25T06:45+03:00,,,,105.41
2026-04-25T07:00+03:00,,,,116.91
2026-04-25T07:15+03:00,,,,106.4
2026-04-25T07:30+03:00,,,,95.95
2026-04-25T07:45+03:00,,,,81.56
2026-04-25T08:00+03:00,,,,112.03
2026-04-25T08:15+03:00,,,,100.12
2026-04-25T08:30+03:00,,,,72.9
2026-04-25T08:45+03:00,,,,33.85
2026-04-25T09:00+03:00,,,,62.47
2026-04-25T09:15+03:00,,,,22.57
2026-04-25T09:30+03:00,,,,8.25
2026-04-25T09:45+03:00,,,,1.4
2026-04-25T10:00+03:00,,,,8.4
2026-04-25T10:15+03:00,,,,3.98
2026-04-25T10:30+03:00,,,,0
2026-04-25T10:45+03:00,,,,-0.32
2026-04-25T11:00+03:00,,,,-0.05
2026-04-25T11:15+03:00,,,,-1.85
2026-04-25T11:30+03:00,,,,-6.47
2026-04-25T11:45+03:00,,,,-18.58
2026-04-25T12:00+03:00,,,,-15.03
2026-04-25T12:15+03:00,,,,-30
2026-04-25T12:30+03:00,,,,-45
2026-04-25T12:45+03:00,,,,-50
2026-04-25T13:00+03:00,,,,-50
2026-04-25T13:15+03:00,,,,-45.69
2026-04-25T13:30+03:00,,,,-50
2026-04-25T13:45+03:00,,,,-50
2026-04-25T14:00+03:00,,,,-50
2026-04-25T14:15+03:00,,,,-50
2026-04-25T14:30+03:00,,,,-50
2026-04-25T14:45+03:00,,,,-50
2026-04-25T15:00+03:00,,,,-50
2026-04-25T15:15+03:00,,,,-50
2026-04-25T15:30+03:00,,,,-50
2026-04-25T15:45+03:00,,,,-50
2026-04-25T16:00+03:00,,,,-57.46
2026-04-25T16:15+03:00,,,,-50
2026-04-25T16:30+03:00,,,,-50
2026-04-25T16:45+03:00,,,,-50
2026-04-25T17:00+03:00,,,,-45
2026-04-25T17:15+03:00,,,,-26.23
2026-04-25T17:30+03:00,,,,-3.93
2026-04-25T17:45+03:00,,,,-0.1
2026-04-25T18:00+03:00,,,,-0.68
2026-04-25T18:15+03:00,,,,0
2026-04-25T18:30+03:00,,,,2.88
2026-04-25T18:45+03:00,,,,104.05
2026-04-25T19:00+03:00,,,,10.51
2026-04-25T19:15+03:00,,,,109.72
2026-04-25T19:30+03:00,,,,168.24
2026-04-25T19:45+03:00,,,,134.53
2026-04-25T20:00+03:00,,,,121.92
2026-04-25T20:15+03:00,,,,135.69
2026-04-25T20:30+03:00,,,,154.39
2026-04-25T20:45+03:00,,,,186.45
2026-04-25T21:00+03:00,,,,178.43
2026-04-25T21:15+03:00,,,,163.66
2026-04-25T21:30+03:00,,,,142.95
2026-04-25T21:45+03:00,,,,170.86
2026-04-25T22:00+03:00,,,,143.49
2026-04-25T22:15+03:00,,,,135.92
2026-04-25T22:30+03:00,,,,129.76
2026-04-25T22:45+03:00,,,,137.16
2026-04-25T23:00+03:00,,,,120.81
2026-04-25T23:15+03:00,,,,120.76
2026-04-25T23:30+03:00,,,,119.24
2026-04-25T23:45+03:00,,,,117.86
2026-04-26T00:00+03:00,,,,114.01
2026-04-26T00:15+03:00,,,,108.86
2026-04-26T00:30+03:00,,,,111.53
2026-04-26T00:45+03:00,,,,106.64
2026-04-26T01:00+03:00,,,,
2026-04-26T01:15+03:00,,,,
2026-04-26T01:30+03:00,,,,
2026-04-26T01:45+03:00,,,,
2026-04-26T02:00+03:00,,,,
2026-04-26T02:15+03:00,,,,
2026-04-26T02:30+03:00,,,,
2026-04-26T02:45+03:00,,,,
2026-04-26T03:00+03:00,,,,
2026-04-26T03:15+03:00,,,,
2026-04-26T03:30+03:00,,,,
2026-04-26T03:45+03:00,,,,
2026-04-26T04:00+03:00,,,,
2026-04-26T04:15+03:00,,,,
2026-04-26T04:30+03:00,,,,
2026-04-26T04:45+03:00,,,,
2026-04-26T05:00+03:00,,,,
2026-04-26T05:15+03:00,,,,
2026-04-26T05:30+03:00,,,,
2026-04-26T05:45+03:00,,,,
2026-04-26T06:00+03:00,,,,
2026-04-26T06:15+03:00,,,,
2026-04-26T06:30+03:00,,,,
2026-04-26T06:45+03:00,,,,
2026-04-26T07:00+03:00,,,,
2026-04-26T07:15+03:00,,,,
2026-04-26T07:30+03:00,,,,
2026-04-26T07:45+03:00,,,,
2026-04-26T08:00+03:00,,,,
2026-04-26T08:15+03:00,,,,
2026-04-26T08:30+03:00,,,,
2026-04-26T08:45+03:00,,,,
2026-04-26T09:00+03:00,,,,
2026-04-26T09:15+03:00,,,,
2026-04-26T09:30+03:00,,,,
2026-04-26T09:45+03:00,,,,
2026-04-26T10:00+03:00,,,,
2026-04-26T10:15+03:00,,,,
2026-04-26T10:30+03:00,,,,
2026-04-26T10:45+03:00,,,,
2026-04-26T11:00+03:00,,,,
2026-04-26T11:15+03:00,,,,
2026-04-26T11:30+03:00,,,,
2026-04-26T11:45+03:00,,,,
2026-04-26T12:00+03:00,,,,
2026-04-26T12:15+03:00,,,,
2026-04-26T12:30+03:00,,,,
2026-04-26T12:45+03:00,,,,
2026-04-26T13:00+03:00,,,,
2026-04-26T13:15+03:00,,,,
2026-04-26T13:30+03:00,,,,
2026-04-26T13:45+03:00,,,,
2026-04-26T14:00+03:00,,,,
2026-04-26T14:15+03:00,,,,
2026-04-26T14:30+03:00,,,,
2026-04-26T14:45+03:00,,,,
2026-04-26T15:00+03:00,,,,
2026-04-26T15:15+03:00,,,,
2026-04-26T15:30+03:00,,,,
2026-04-26T15:45+03:00,,,,
2026-04-26T16:00+03:00,,,,
2026-04-26T16:15+03:00,,,,
2026-04-26T16:30+03:00,,,,
2026-04-26T16:45+03:00,,,,
2026-04-26T17:00+03:00,,,,
2026-04-26T17:15+03:00,,,,
2026-04-26T17:30+03:00,,,,
2026-04-26T17:45+03:00,,,,
2026-04-26T18:00+03:00,,,,
2026-04-26T18:15+03:00,,,,
2026-04-26T18:30+03:00,,,,
2026-04-26T18:45+03:00,,,,
2026-04-26T19:00+03:00,,,,
2026-04-26T19:15+03:00,,,,
2026-04-26T19:30+03:00,,,,
2026-04-26T19:45+03:00,,,,
2026-04-26T20:00+03:00,,,,
2026-04-26T20:15+03:00,,,,
2026-04-26T20:30+03:00,,,,
2026-04-26T20:45+03:00,,,,
2026-04-26T21:00+03:00,,,,
2026-04-26T21:15+03:00,,,,
2026-04-26T21:30+03:00,,,,
2026-04-26T21:45+03:00,,,,
2026-04-26T22:00+03:00,,,,
2026-04-26T22:15+03:00,,,,
2026-04-26T22:30+03:00,,,,
2026-04-26T22:45+03:00,,,,
2026-04-26T23:00+03:00,,,,
2026-04-26T23:15+03:00,,,,
2026-04-26T23:30+03:00,,,,
2026-04-26T23:45+03:00,,,,